-- Adminer 3.3.3 MySQL dump

SET NAMES utf8;
SET foreign_key_checks = 0;
SET time_zone = 'SYSTEM';
SET sql_mode = 'NO_AUTO_VALUE_ON_ZERO';

DROP TABLE IF EXISTS `zavodnici`;
CREATE TABLE `zavodnici` (
  `id` int(10) unsigned NOT NULL AUTO_INCREMENT,
  `registrace` varchar(15) DEFAULT NULL,
  `cele_jmeno` varchar(100) DEFAULT NULL,
  PRIMARY KEY (`id`)
) ENGINE=InnoDB DEFAULT CHARSET=utf8;

INSERT INTO `zavodnici` (`id`, `registrace`, `cele_jmeno`) VALUES
(1,	'124',	'Freylich Václav Ing.'),
(2,	'287',	'Zrůstek Martin Ing.'),
(3,	'1192',	'Cajthaml Jaroslav'),
(4,	'95',	'Konopásek Ladislav'),
(5,	'3551',	'Milewski Zbigniew'),
(6,	'786',	'Kubík Martin'),
(7,	'96',	'Konopásek Josef ml.'),
(8,	'1586',	'Dvořák Jan'),
(9,	'2617',	'Valchař Jakub'),
(10,	'5',	'Bednařík Dušan'),
(11,	'949',	'Bartoš Jan'),
(12,	'3434',	'Pokorný Roman ml.'),
(13,	'1805',	'Mádle Karel'),
(14,	'1671',	'Klásek Petr'),
(15,	'75',	'Samlík Libor'),
(16,	'2616',	'Krigler Richard'),
(17,	'72',	'Pergreffi Luca'),
(18,	'1853',	'Kostka Jan'),
(19,	'568',	'Skalický Karel ml.'),
(20,	'1927',	'Darebník Roman'),
(21,	'2216',	'Pokorný Ondřej'),
(22,	'781',	'Bartoš Jiří'),
(23,	'2672',	'Žalud Oldřich Ing.'),
(24,	'21',	'Kostka Jaroslav Ing.'),
(25,	'129',	'Grešová Jana'),
(26,	'3',	'Žigo Ladislav Ing.'),
(27,	'79',	'Maštera Vojtěch'),
(28,	'286',	'Hřídel Ladislav'),
(29,	'1691',	'Nováčková Markéta'),
(30,	'94',	'Konopásek Richard'),
(31,	'28',	'Prášek Pavel'),
(32,	'1803',	'Bačinová Barbora'),
(33,	'1745',	'Jireček Miroslav'),
(34,	'1863',	'Novák Jan'),
(35,	'979',	'Chung Hoang The Šon'),
(36,	'2',	'Heidenreich Jan Ing.'),
(37,	'2407',	'Hrazdil Jiří Ing.'),
(38,	'4',	'Melcher Miroslav'),
(39,	'2010',	'Görčöš Ivan'),
(40,	'20',	'Hron Radek'),
(41,	'2015',	'Hanáček František'),
(42,	'1758',	'Kazatel Petr'),
(43,	'1804',	'Veselý Jan'),
(44,	'19',	'Heřmánek Tomáš'),
(45,	'2175',	'Štětina Petr'),
(46,	'1435',	'Zvoníček Radim ml.'),
(47,	'55',	'Syrovátka Pavel'),
(48,	'907',	'Martínek Pavel'),
(49,	'745',	'Blecha Miroslav ml.'),
(50,	'2669',	'Linhart Aleš'),
(51,	'128',	'Jakubský Ladislav'),
(52,	'905',	'Diviš Radek'),
(53,	'29',	'Slezáček Vojtěch MUDr.'),
(54,	'10',	'Adamec Václav ml.'),
(55,	'755',	'Foret Roman'),
(56,	'788',	'Slezák Pavel'),
(57,	'790',	'Šerý Kamil'),
(58,	'2406',	'Sigmund Richard'),
(59,	'2829',	'Flanderka Aleš'),
(60,	'97',	'Konopásek Josef st.'),
(61,	'2164',	'Kolínek Miroslav'),
(62,	'2188',	'Matej Jiří'),
(63,	'2005',	'Bezega Michal'),
(64,	'3426',	'Krupička Luboš'),
(65,	'3390',	'Holeček Igor'),
(66,	'3295',	'Horemski Tomasz'),
(67,	'1998',	'Jiříček Jan'),
(68,	'2671',	'Komínek Ondřej'),
(69,	'3185',	'Kapica Radim'),
(70,	'3487',	'Mádle Petr'),
(71,	'773',	'Jelen Luboš'),
(72,	'768',	'Kabát Jakub'),
(73,	'35',	'Žák Miloslav st.'),
(74,	'1425',	'Michálek Tomáš'),
(75,	'782',	'Derner Ondřej'),
(76,	'783',	'Derner Tomáš'),
(77,	'1620',	'Kubík Marcel'),
(78,	'1619',	'Chmelař Lubomír'),
(79,	'937',	'Sedláček Bohumil'),
(80,	'651',	'Čermák Jindřich'),
(81,	'557',	'Pavka Martin Bc.'),
(82,	'3184',	'Kapica Karel'),
(83,	'2674',	'Koukola Tomáš'),
(84,	'2214',	'Maštera Václav ml.'),
(85,	'3229',	'Mindák Tomáš'),
(86,	'2100',	'Netolický Patrik'),
(87,	'190',	'Pokorný Roman st.'),
(88,	'631',	'Bačina Zbyněk'),
(89,	'2835',	'Toužimský Jiří'),
(90,	'2552',	'Toužimský Jakub'),
(91,	'2553',	'Baloun Jan'),
(92,	'1890',	'Wachtl Hynek'),
(93,	'1698',	'Šulc Milan'),
(94,	'2798',	'Grešo Milan'),
(95,	'1570',	'Pivovarský Václav'),
(96,	'787',	'Počarovský Jan'),
(97,	'2799',	'Sedlák Miloš'),
(98,	'2431',	'Novotná Pavlína'),
(99,	'71',	'Mihál Pavol'),
(100,	'3550',	'Lorenc Piotr'),
(101,	'1938',	'Vetchý Radim'),
(102,	'2412',	'Michalovič Tomáš'),
(103,	'250',	'Chromý Radomír'),
(104,	'1125',	'Ouředníček Jan'),
(105,	'30',	'Smolík Jindřich Ing.'),
(106,	'746',	'Bureš Lubomír'),
(107,	'1636',	'Hütter Ewald'),
(108,	'2876',	'Schneider Peter'),
(109,	'22',	'Kostka Josef Ing.'),
(110,	'25',	'Moravec Pavel'),
(111,	'1311',	'Lát Jiří'),
(112,	'1319',	'Šik Jaroslav'),
(113,	'2137',	'Kolář Jan'),
(114,	'8',	'Pekárek Stanislav'),
(115,	'1320',	'Vild Tomáš'),
(116,	'179',	'Rödl Adolf'),
(117,	'2509',	'Brada Karel'),
(118,	'81',	'Nováček Karel Ing.'),
(119,	'3233',	'Smaha Jiří Ing.'),
(120,	'1668',	'Hason Marian'),
(121,	'219',	'Enderes Jan'),
(122,	'2954',	'Polívka Zdeněk'),
(123,	'N200',	'Funěk Lukáš'),
(124,	'1331',	'Valda Martin'),
(125,	'1057',	'Tőkőly Martin'),
(126,	'N201',	'Klodka Pavel'),
(127,	'2008',	'Kratochvíl Vladislav'),
(128,	'N199',	'Funěk Tomáš'),
(129,	'N202',	'Pospíšil Radek'),
(130,	'2652',	'Haflant Zdeněk'),
(131,	'2461',	'Linhart Jan'),
(132,	'3076',	'Šikl Karel'),
(133,	'3166',	'Polívka Miroslav'),
(134,	'N203',	'Müller Ivo'),
(135,	'46',	'Kotlář Jindřich'),
(136,	'N186',	'Mádle Petr'),
(137,	'88',	'Josef Kosmák'),
(138,	'7',	'Luděk Častulík'),
(139,	'2639',	'Jan Mais'),
(140,	'3046',	'David Burda'),
(141,	'50',	'Alois Pokorný Dr.'),
(142,	'3303',	'Jakub Černohlávek'),
(143,	'93',	'Michal Koukal'),
(144,	'1923',	'David Kolařík Ing.'),
(145,	'1433',	'Petr Kouřil'),
(146,	'62',	'Jiří Mahr Ing.'),
(147,	'2651',	'Martin Jura Ing.'),
(148,	'2187',	'Gustav Lakoš Ing.'),
(149,	'1584',	'Hana Purkrábková'),
(150,	'1617',	'Patrik Řehulka'),
(151,	'1729',	'Josef Mašek Ing.'),
(152,	'3222',	'Tomáš Konečný'),
(153,	'3490',	'Flament Pierre'),
(154,	'2828',	'Kuba Jiří'),
(155,	'1505',	'Lamač František'),
(156,	'2922',	'Flanderka Michal'),
(157,	'3506',	'Kochwasser Milan'),
(158,	'3443',	'Kadeřábek Jaroslav'),
(159,	'2393',	'Oudrán Stanislav'),
(160,	'2887',	'Struha Miloslav'),
(161,	'109',	'Trübswasser Jan'),
(162,	'1143',	'Omamik Ján'),
(163,	'2955',	'Bárta Jakub'),
(164,	'1498',	'Fryč Petr'),
(165,	'3525',	'Simoes Ricardo'),
(166,	'132',	'Hurdálek Pavel'),
(167,	'3607',	'Hurdálková Jana'),
(168,	'1242',	'Klika Břetislav'),
(169,	'2782',	'Louda Václav'),
(170,	'1571',	'Chlupáč Richard'),
(171,	'57',	'Vladimír Syrovátka'),
(172,	'1679',	'Jan Hervert'),
(173,	'1929',	'Klára Zahrádková'),
(174,	'1997',	'David Hlavatý'),
(175,	'201',	'Sitta Bohuslav'),
(176,	'3408',	'Petr Hrdlička'),
(177,	'2068',	'Vratislav Kadlec'),
(178,	'2969',	'Jan Maroušek'),
(179,	'2132',	'Michal Kladrubský'),
(180,	'1076',	'Viktor Vocel'),
(181,	'2830',	'Lukáš Kořínek'),
(182,	'2878',	'Bohouš Man'),
(183,	'3215',	'Ladislav Šipoš'),
(184,	'1499',	'Miroslav Klika'),
(185,	'3493',	'Brian Kurina'),
(186,	'3192',	'Tomáš Krištof'),
(187,	'3211',	'Holaj Jaroslav'),
(188,	'3191',	'Grulichová Nikola'),
(189,	'3300',	'Stieberová Lucie'),
(190,	'2956',	'Bárta Martin'),
(191,	'2705',	'Housa František'),
(192,	'2704',	'Housová Gabriela'),
(193,	'3388',	'Ransdorf Tomáš'),
(194,	'3406',	'Horký Vojtěch'),
(195,	'3163',	'Řeháková Aneta'),
(196,	'3596',	'Ševčík Luděk'),
(197,	'3349',	'Škubalová Alena'),
(198,	'3117',	'Glatzová Kateřina'),
(199,	'3437',	'Čapek Adam'),
(200,	'3152',	'Klečková Barbora'),
(201,	'2050',	'Řehák Tomáš'),
(208,	'3021',	'Linhart Jan '),
(211,	'2567',	'Hošek Martin'),
(212,	'3060',	'Lev Radek'),
(213,	'2582',	'Mareš Josef');

DROP TABLE IF EXISTS `zavodnici_kategorie`;
CREATE TABLE `zavodnici_kategorie` (
  `id_zavodnika` int(10) unsigned NOT NULL,
  `rok` int(10) unsigned NOT NULL,
  `kategorie` enum('muz','zena','u18','u18_zena','u14','u14_zena','u23','u23_zena','hendikep') COLLATE utf8_czech_ci NOT NULL,
  UNIQUE KEY `id_zavodnika_rok` (`id_zavodnika`,`rok`)
) ENGINE=InnoDB DEFAULT CHARSET=utf8 COLLATE=utf8_czech_ci;

INSERT INTO `zavodnici_kategorie` (`id_zavodnika`, `rok`, `kategorie`) VALUES
(1,	2012,	'muz'),
(2,	2012,	'muz'),
(3,	2012,	'muz'),
(4,	2012,	'muz'),
(5,	2012,	'muz'),
(6,	2012,	'muz'),
(7,	2012,	'muz'),
(8,	2012,	'muz'),
(9,	2012,	'u23'),
(10,	2012,	'muz'),
(11,	2012,	'u23'),
(12,	2012,	'u23'),
(13,	2012,	'u23'),
(14,	2012,	'muz'),
(15,	2012,	'muz'),
(16,	2012,	'u23'),
(17,	2012,	'muz'),
(18,	2012,	'u18'),
(19,	2012,	'muz'),
(20,	2012,	'muz'),
(21,	2012,	'u23'),
(22,	2012,	'muz'),
(23,	2012,	'muz'),
(24,	2012,	'muz'),
(25,	2012,	'zena'),
(26,	2012,	'muz'),
(27,	2012,	'muz'),
(28,	2012,	'muz'),
(29,	2012,	'zena'),
(30,	2012,	'muz'),
(31,	2012,	'muz'),
(32,	2012,	'u23_zena'),
(33,	2012,	'muz'),
(34,	2012,	'muz'),
(35,	2012,	'u23'),
(36,	2012,	'muz'),
(37,	2012,	'muz'),
(38,	2012,	'muz'),
(39,	2012,	'muz'),
(40,	2012,	'muz'),
(41,	2012,	'muz'),
(42,	2012,	'muz'),
(43,	2012,	'u23'),
(44,	2012,	'muz'),
(45,	2012,	'muz'),
(46,	2012,	'muz'),
(47,	2012,	'muz'),
(48,	2012,	'muz'),
(49,	2012,	'muz'),
(50,	2012,	'muz'),
(51,	2012,	'muz'),
(52,	2012,	'muz'),
(53,	2012,	'muz'),
(54,	2012,	'muz'),
(55,	2012,	'muz'),
(56,	2012,	'muz'),
(57,	2012,	'muz'),
(58,	2012,	'muz'),
(59,	2012,	'muz'),
(60,	2012,	'muz'),
(61,	2012,	'muz'),
(62,	2012,	'muz'),
(63,	2012,	'muz'),
(64,	2012,	'muz'),
(65,	2012,	'muz'),
(66,	2012,	'muz'),
(67,	2012,	'u18'),
(68,	2012,	'u23'),
(69,	2012,	'u23'),
(70,	2012,	'muz'),
(71,	2012,	'muz'),
(72,	2012,	'muz'),
(73,	2012,	'muz'),
(74,	2012,	'u23'),
(75,	2012,	'muz'),
(76,	2012,	'muz'),
(77,	2012,	'muz'),
(78,	2012,	'muz'),
(79,	2012,	'hendikep'),
(80,	2012,	'muz'),
(81,	2012,	'muz'),
(82,	2012,	'u18'),
(83,	2012,	'muz'),
(84,	2012,	'u18'),
(85,	2012,	'u23'),
(86,	2012,	'u23'),
(87,	2012,	'muz'),
(88,	2012,	'muz'),
(89,	2012,	'muz'),
(90,	2012,	'u18'),
(91,	2012,	'u18'),
(92,	2012,	'muz'),
(93,	2012,	'muz'),
(94,	2012,	'muz'),
(95,	2012,	'muz'),
(96,	2012,	'u23'),
(97,	2012,	'muz'),
(98,	2012,	'u23_zena'),
(99,	2012,	'muz'),
(100,	2012,	'muz'),
(101,	2012,	'muz'),
(102,	2012,	'muz'),
(103,	2012,	'muz'),
(104,	2012,	'muz'),
(105,	2012,	'muz'),
(106,	2012,	'muz'),
(107,	2012,	'muz'),
(108,	2012,	'muz'),
(109,	2012,	'muz'),
(110,	2012,	'muz'),
(111,	2012,	'muz'),
(112,	2012,	'muz'),
(113,	2012,	'muz'),
(114,	2012,	'muz'),
(115,	2012,	'u23'),
(116,	2012,	'muz'),
(117,	2012,	'muz'),
(118,	2012,	'muz'),
(119,	2012,	'muz'),
(120,	2012,	'muz'),
(121,	2012,	'muz'),
(122,	2012,	'u18'),
(123,	2012,	'muz'),
(124,	2012,	'muz'),
(125,	2012,	'muz'),
(126,	2012,	'muz'),
(127,	2012,	'muz'),
(128,	2012,	'muz'),
(129,	2012,	'muz'),
(130,	2012,	'muz'),
(131,	2012,	'u18'),
(132,	2012,	'muz'),
(133,	2012,	'u14'),
(134,	2012,	'muz'),
(135,	2012,	'muz'),
(137,	2012,	'muz'),
(138,	2012,	'muz'),
(139,	2012,	'muz'),
(140,	2012,	'muz'),
(141,	2012,	'muz'),
(142,	2012,	'u18'),
(143,	2012,	'muz'),
(144,	2012,	'muz'),
(145,	2012,	'u23'),
(146,	2012,	'muz'),
(147,	2012,	'muz'),
(148,	2012,	'muz'),
(149,	2012,	'u23_zena'),
(150,	2012,	'muz'),
(151,	2012,	'muz'),
(152,	2012,	'muz'),
(153,	2012,	'muz'),
(154,	2012,	'muz'),
(155,	2012,	'muz'),
(156,	2012,	'muz'),
(157,	2012,	'muz'),
(158,	2012,	'muz'),
(159,	2012,	'muz'),
(160,	2012,	'u23'),
(161,	2012,	'muz'),
(162,	2012,	'muz'),
(163,	2012,	'u23'),
(164,	2012,	'muz'),
(165,	2012,	'muz'),
(166,	2012,	'u23'),
(167,	2012,	'u23_zena'),
(168,	2012,	'muz'),
(169,	2012,	'muz'),
(170,	2012,	'muz'),
(171,	2012,	'muz'),
(172,	2012,	'muz'),
(173,	2012,	'u18_zena'),
(174,	2012,	'muz'),
(175,	2012,	'muz'),
(176,	2012,	'u18'),
(177,	2012,	'muz'),
(178,	2012,	'u18'),
(179,	2012,	'u23'),
(180,	2012,	'muz'),
(181,	2012,	'muz'),
(182,	2012,	'muz'),
(183,	2012,	'u23'),
(184,	2012,	'muz'),
(185,	2012,	'u18'),
(186,	2012,	'u14'),
(187,	2012,	'u18'),
(188,	2012,	'u18_zena'),
(189,	2012,	'u18'),
(190,	2012,	'u18'),
(191,	2012,	'u18'),
(192,	2012,	'u18_zena'),
(193,	2012,	'u18'),
(194,	2012,	'u14'),
(195,	2012,	'u14_zena'),
(196,	2012,	'u14'),
(197,	2012,	'u14_zena'),
(198,	2012,	'u14_zena'),
(199,	2012,	'u14'),
(200,	2012,	'u14_zena'),
(201,	2012,	'u14'),
(208,	2012,	'u14'),
(211,	2012,	'u18'),
(212,	2012,	'u18'),
(213,	2012,	'u18');

DROP TABLE IF EXISTS `zavodnici_zavody`;
CREATE TABLE `zavodnici_zavody` (
  `id_zavodu` int(10) unsigned NOT NULL,
  `id_zavodnika` int(10) unsigned NOT NULL,
  `tym` varchar(100) DEFAULT NULL,
  `cips1` bigint(20) DEFAULT NULL,
  `umisteni1` decimal(5,2) DEFAULT NULL,
  `cips2` bigint(20) DEFAULT NULL,
  `umisteni2` decimal(5,2) DEFAULT NULL
) ENGINE=InnoDB DEFAULT CHARSET=utf8;

INSERT INTO `zavodnici_zavody` (`id_zavodu`, `id_zavodnika`, `tym`, `cips1`, `umisteni1`, `cips2`, `umisteni2`) VALUES
(1,	1,	'MIVARDI CZ',	2230,	1.00,	2860,	3.00),
(1,	2,	'ČRS MO Česká Lípa MIVARDI',	560,	3.00,	3330,	1.00),
(1,	3,	'ČRS MO Česká Lípa MIVARDI',	2290,	3.00,	10090,	2.00),
(1,	4,	'RSK Pardubice \"A\" COLMIC',	14320,	1.00,	1660,	6.00),
(1,	5,	'MIVARDI CZ',	2830,	1.00,	4030,	6.00),
(1,	6,	'RSK LIPANI - MIVARDI TŘEBECHOVICE POD OREBEM',	5000,	2.00,	1380,	6.00),
(1,	7,	'RSK Pardubice \"A\" COLMIC',	2620,	1.00,	1060,	7.00),
(1,	8,	'ČRS MO Česká Lípa MIVARDI',	1060,	5.00,	2050,	3.00),
(1,	9,	'MO ČRS Loštice - MILO',	450,	4.50,	2400,	4.00),
(1,	10,	'MIVARDI CZ',	4800,	4.00,	1660,	5.00),
(1,	11,	'RSK LIPANI - MIVARDI TŘEBECHOVICE POD OREBEM',	630,	8.00,	3880,	1.00),
(1,	12,	'MO ČRS Nové Strašecí - COLMIC',	1390,	2.00,	1170,	7.00),
(1,	13,	'MILO Loštice',	1280,	8.00,	2800,	2.00),
(1,	14,	'RSK Crazy Boys MO Hustopeče SENSAS',	2380,	3.00,	1650,	7.00),
(1,	15,	'Rsk Cortina Sensas',	2190,	4.00,	1330,	6.00),
(1,	16,	'MO ČRS Loštice - MILO',	460,	10.00,	22520,	1.00),
(1,	17,	'RSK Pardubice \"A\" COLMIC',	440,	6.00,	4940,	5.00),
(1,	18,	'MO ČRS Jindřichův Hradec „B“ MILO',	1290,	7.00,	1680,	4.00),
(1,	19,	'MO Hradec Králové Mivardi A',	1430,	2.00,	1370,	9.00),
(1,	20,	'MILO Loštice',	270,	10.00,	3150,	2.00),
(1,	21,	'MO ČRS Nové Strašecí - COLMIC',	1020,	11.00,	3220,	3.00),
(1,	22,	'RSK LIPANI - MIVARDI TŘEBECHOVICE POD OREBEM',	350,	12.00,	6160,	3.00),
(1,	23,	'Rsk Cortina Sensas',	3170,	7.00,	1100,	8.00),
(1,	24,	'MO ČRS Jindřichův Hradec „B“ MILO',	1340,	10.00,	1740,	5.00),
(1,	25,	'MO Hradec Králové Mivardi A',	1290,	4.00,	400,	11.00),
(1,	26,	'RSK Crazy Boys MO Hustopeče SENSAS',	380,	7.00,	430,	8.00),
(1,	27,	'MO ČRS Jindřichův Hradec \"A\" SENSAS',	4890,	3.00,	560,	13.00),
(1,	28,	'ČRS MO Česká Lípa MIVARDI',	110,	14.00,	4100,	2.00),
(1,	29,	'Rsk Cortina Sensas',	330,	9.00,	3770,	7.00),
(1,	30,	'RSK Pardubice \"B\" Pankrác - COLMIC',	1980,	5.00,	1260,	11.00),
(1,	31,	'MO ČRS Jindřichův Hradec „B“ MILO',	1010,	6.00,	950,	10.50),
(1,	32,	'MO ČRS Nové Strašecí - COLMIC',	130,	13.00,	5200,	4.00),
(1,	33,	'RSK Pardubice \"B\" Pankrác - COLMIC',	1360,	3.00,	380,	14.00),
(1,	34,	'RSK Pardubice \"B\" Pankrác - COLMIC',	450,	4.50,	50,	12.50),
(1,	35,	'Team Browning CZ',	780,	7.00,	950,	10.50),
(1,	36,	'MILO Loštice',	3180,	6.00,	780,	12.00),
(1,	37,	'MO ČRS Loštice - MILO',	680,	13.00,	1990,	5.00),
(1,	38,	'MIVARDI CZ',	1070,	10.00,	1380,	8.00),
(1,	39,	'Rsk Cortina Sensas',	190,	14.00,	2060,	4.00),
(1,	40,	'MO ČRS Jindřichův Hradec \"A\" SENSAS',	360,	8.00,	140,	10.00),
(1,	41,	'RSK Crazy Boys MO Hustopeče SENSAS',	4160,	5.00,	250,	14.00),
(1,	42,	'MILO Loštice',	320,	11.00,	3110,	8.00),
(1,	43,	'MO Hradec Králové Mivardi A',	1340,	6.00,	850,	13.00),
(1,	44,	'MO ČRS Jindřichův Hradec „B“ MILO',	140,	11.00,	2830,	9.00),
(1,	45,	'RSK Pardubice \"B\" Pankrác - COLMIC',	1790,	8.00,	310,	12.00),
(1,	46,	'Team Browning CZ',	700,	11.00,	930,	9.00),
(1,	47,	'MO ČRS Nové Strašecí - COLMIC',	70,	12.00,	190,	9.00),
(1,	48,	'Team Browning CZ',	1450,	9.00,	50,	12.50),
(1,	49,	'RSK Pardubice \"A\" COLMIC',	540,	9.00,	290,	13.00),
(1,	50,	'MO ČRS Loštice - MILO',	1160,	9.00,	10,	14.00),
(1,	51,	'MO Hradec Králové Mivardi A',	910,	12.00,	100,	11.00),
(1,	52,	'MO ČRS Jindřichův Hradec \"A\" SENSAS',	270,	13.00,	420,	10.00),
(1,	53,	'MO ČRS Jindřichův Hradec \"A\" SENSAS',	30,	14.00,	2620,	10.00),
(1,	54,	'Team Browning CZ',	60,	13.00,	870,	12.00),
(1,	55,	'RSK Crazy Boys MO Hustopeče SENSAS',	310,	12.00,	450,	14.00),
(1,	56,	'RSK LIPANI - MIVARDI TŘEBECHOVICE POD OREBEM',	NULL,	NULL,	4160,	1.00),
(1,	57,	'RSK LIPANI - MIVARDI TŘEBECHOVICE POD OREBEM',	5,	14.00,	NULL,	NULL),
(1,	58,	'RSK Pardubice \"A\" COLMIC',	NULL,	NULL,	NULL,	NULL),
(1,	59,	'RSK Pardubice \"A\" COLMIC',	NULL,	NULL,	NULL,	NULL),
(1,	60,	'RSK Pardubice \"A\" COLMIC',	NULL,	NULL,	NULL,	NULL),
(1,	61,	'RSK Crazy Boys MO Hustopeče SENSAS',	NULL,	NULL,	NULL,	NULL),
(1,	62,	'RSK Crazy Boys MO Hustopeče SENSAS',	NULL,	NULL,	NULL,	NULL),
(1,	63,	'RSK Crazy Boys MO Hustopeče SENSAS',	NULL,	NULL,	NULL,	NULL),
(1,	64,	'RSK Crazy Boys MO Hustopeče SENSAS',	NULL,	NULL,	NULL,	NULL),
(1,	65,	'RSK Crazy Boys MO Hustopeče SENSAS',	NULL,	NULL,	NULL,	NULL),
(1,	66,	'RSK Crazy Boys MO Hustopeče SENSAS',	NULL,	NULL,	NULL,	NULL),
(1,	67,	'MILO Loštice',	NULL,	NULL,	NULL,	NULL),
(1,	68,	'MILO Loštice',	NULL,	NULL,	NULL,	NULL),
(1,	69,	'MILO Loštice',	NULL,	NULL,	NULL,	NULL),
(1,	70,	'MILO Loštice',	NULL,	NULL,	NULL,	NULL),
(1,	71,	'MO ČRS Jindřichův Hradec \"A\" SENSAS',	NULL,	NULL,	NULL,	NULL),
(1,	72,	'MO ČRS Jindřichův Hradec \"A\" SENSAS',	NULL,	NULL,	NULL,	NULL),
(1,	73,	'MO ČRS Jindřichův Hradec \"A\" SENSAS',	NULL,	NULL,	NULL,	NULL),
(1,	74,	'RSK LIPANI - MIVARDI TŘEBECHOVICE POD OREBEM',	NULL,	NULL,	NULL,	NULL),
(1,	75,	'RSK LIPANI - MIVARDI TŘEBECHOVICE POD OREBEM',	NULL,	NULL,	NULL,	NULL),
(1,	76,	'RSK LIPANI - MIVARDI TŘEBECHOVICE POD OREBEM',	NULL,	NULL,	NULL,	NULL),
(1,	77,	'RSK LIPANI - MIVARDI TŘEBECHOVICE POD OREBEM',	NULL,	NULL,	NULL,	NULL),
(1,	78,	'RSK LIPANI - MIVARDI TŘEBECHOVICE POD OREBEM',	NULL,	NULL,	NULL,	NULL),
(1,	79,	'RSK Pardubice \"B\" Pankrác - COLMIC',	NULL,	NULL,	NULL,	NULL),
(1,	80,	'RSK Pardubice \"B\" Pankrác - COLMIC',	NULL,	NULL,	NULL,	NULL),
(1,	81,	'MO ČRS Loštice - MILO',	NULL,	NULL,	NULL,	NULL),
(1,	82,	'MO ČRS Loštice - MILO',	NULL,	NULL,	NULL,	NULL),
(1,	83,	'MO ČRS Loštice - MILO',	NULL,	NULL,	NULL,	NULL),
(1,	84,	'MO ČRS Loštice - MILO',	NULL,	NULL,	NULL,	NULL),
(1,	85,	'MO ČRS Nové Strašecí - COLMIC',	NULL,	NULL,	NULL,	NULL),
(1,	86,	'MO ČRS Nové Strašecí - COLMIC',	NULL,	NULL,	NULL,	NULL),
(1,	87,	'MO ČRS Nové Strašecí - COLMIC',	NULL,	NULL,	NULL,	NULL),
(1,	88,	'MO ČRS Nové Strašecí - COLMIC',	NULL,	NULL,	NULL,	NULL),
(1,	89,	'MO ČRS Nové Strašecí - COLMIC',	NULL,	NULL,	NULL,	NULL),
(1,	90,	'MO ČRS Nové Strašecí - COLMIC',	NULL,	NULL,	NULL,	NULL),
(1,	91,	'MO ČRS Nové Strašecí - COLMIC',	NULL,	NULL,	NULL,	NULL),
(1,	92,	'MO ČRS Nové Strašecí - COLMIC',	NULL,	NULL,	NULL,	NULL),
(1,	93,	'MO ČRS Nové Strašecí - COLMIC',	NULL,	NULL,	NULL,	NULL),
(1,	94,	'MO Hradec Králové Mivardi A',	NULL,	NULL,	NULL,	NULL),
(1,	95,	'MO Hradec Králové Mivardi A',	NULL,	NULL,	NULL,	NULL),
(1,	96,	'MO Hradec Králové Mivardi A',	NULL,	NULL,	NULL,	NULL),
(1,	97,	'MO Hradec Králové Mivardi A',	NULL,	NULL,	NULL,	NULL),
(1,	98,	'MO Hradec Králové Mivardi A',	NULL,	NULL,	NULL,	NULL),
(1,	99,	'MIVARDI CZ',	NULL,	NULL,	NULL,	NULL),
(1,	100,	'MIVARDI CZ',	NULL,	NULL,	NULL,	NULL),
(1,	101,	'MIVARDI CZ',	NULL,	NULL,	NULL,	NULL),
(1,	102,	'MIVARDI CZ',	NULL,	NULL,	NULL,	NULL),
(1,	103,	'MIVARDI CZ',	NULL,	NULL,	NULL,	NULL),
(1,	104,	'MIVARDI CZ',	NULL,	NULL,	NULL,	NULL),
(1,	105,	'Team Browning CZ',	NULL,	NULL,	NULL,	NULL),
(1,	106,	'Team Browning CZ',	NULL,	NULL,	NULL,	NULL),
(1,	107,	'Team Browning CZ',	NULL,	NULL,	NULL,	NULL),
(1,	108,	'Team Browning CZ',	NULL,	NULL,	NULL,	NULL),
(1,	109,	'MO ČRS Jindřichův Hradec „B“ MILO',	NULL,	NULL,	NULL,	NULL),
(1,	110,	'MO ČRS Jindřichův Hradec „B“ MILO',	NULL,	NULL,	NULL,	NULL),
(1,	111,	'ČRS MO Česká Lípa MIVARDI',	NULL,	NULL,	NULL,	NULL),
(1,	112,	'ČRS MO Česká Lípa MIVARDI',	NULL,	NULL,	NULL,	NULL),
(1,	113,	'ČRS MO Česká Lípa MIVARDI',	NULL,	NULL,	NULL,	NULL),
(1,	114,	'ČRS MO Česká Lípa MIVARDI',	NULL,	NULL,	NULL,	NULL),
(1,	115,	'ČRS MO Česká Lípa MIVARDI',	NULL,	NULL,	NULL,	NULL),
(1,	116,	'ČRS MO Česká Lípa MIVARDI',	NULL,	NULL,	NULL,	NULL),
(1,	117,	'Rsk Cortina Sensas',	NULL,	NULL,	NULL,	NULL),
(1,	118,	'Rsk Cortina Sensas',	NULL,	NULL,	NULL,	NULL),
(1,	119,	'Rsk Cortina Sensas',	NULL,	NULL,	NULL,	NULL),
(1,	120,	'Rsk Cortina Sensas',	NULL,	NULL,	NULL,	NULL),
(2,	39,	'RSK Cortina SENSAS',	4190,	1.00,	4730,	1.00),
(2,	121,	'Brno',	3080,	2.00,	2960,	3.00),
(2,	82,	'MILO Loštice B',	2750,	4.00,	3670,	2.00),
(2,	122,	'Stod',	2480,	5.00,	3780,	1.00),
(2,	102,	'ČRS MO Mohelnice - MIVARDI',	3240,	3.00,	2950,	3.00),
(2,	62,	'MO MRS Uherské Hradiště PRESTON',	3640,	2.00,	2190,	5.00),
(2,	37,	'MO ČRS Loštice',	5250,	1.00,	1970,	7.00),
(2,	123,	'Loštice',	2850,	4.00,	2460,	4.00),
(2,	50,	'ČRS MO Loštice',	2470,	6.00,	2420,	4.00),
(2,	124,	'MRS MO Třebíč - SENSAS',	2700,	5.00,	2100,	7.00),
(2,	125,	'Havířov',	1240,	10.00,	3380,	2.00),
(2,	81,	'Loštice',	2010,	7.00,	2270,	5.00),
(2,	61,	'MO MRS Uherské Hradiště PRESTON',	1500,	10.00,	2210,	6.00),
(2,	126,	'Havířov',	1760,	9.00,	2070,	8.00),
(2,	98,	'MO ČRS Hradec Králové B-Mivardi',	3020,	3.00,	230,	14.00),
(2,	84,	'Loštice',	2290,	6.00,	1210,	11.50),
(2,	69,	'MILO Loštice B',	2170,	8.00,	1850,	10.00),
(2,	127,	'Havířov',	1300,	9.00,	1870,	9.00),
(2,	128,	'Loštice',	2290,	7.00,	930,	12.00),
(2,	129,	'Brno',	1660,	8.00,	1540,	11.00),
(2,	13,	'Loštice',	850,	13.00,	2080,	6.00),
(2,	130,	'Brno',	960,	11.00,	1860,	8.00),
(2,	131,	'MO ČRS Šumperk',	1480,	11.00,	1730,	9.00),
(2,	132,	'ČRS MO Předměřice',	1200,	12.00,	1670,	10.00),
(2,	133,	'Stod',	910,	12.00,	920,	13.00),
(2,	134,	'Olomouc',	850,	14.00,	1210,	11.50),
(2,	135,	'ČRS MO Ostrava A',	950,	13.00,	410,	14.00),
(2,	70,	'Loštice',	570,	14.00,	440,	13.00),
(3,	23,	'RSK Cortina Sensas',	16060,	1.00,	5340,	2.00),
(3,	22,	'RSK LIPANI - MIVARDI TŘEBECHOVICE POD OREBEM',	14090,	2.00,	4695,	1.00),
(3,	85,	'Levice',	10190,	1.00,	2420,	2.00),
(3,	36,	'MILO Loštice',	10070,	4.00,	7120,	1.00),
(3,	63,	'RSK Hrušovany nad Jevíšovkou - Begastav',	9700,	2.00,	5140,	3.00),
(3,	15,	'RSK Cortina Sensas',	12640,	1.00,	1970,	4.00),
(3,	11,	'RSK LIPANI - MIVARDI TŘEBECHOVICE POD OREBEM',	4140,	6.00,	3950,	1.00),
(3,	26,	'RSK Crazy Boys MO Hustopeče SENSAS',	8370,	6.00,	3490,	2.00),
(3,	137,	'MO MRS Třebíč SENSAS',	3350,	8.00,	6620,	1.00),
(3,	84,	'MILO Loštice',	9190,	4.00,	3190,	6.00),
(3,	42,	'MILO Loštice',	9270,	4.00,	1785,	6.00),
(3,	16,	'MILO Loštice',	4890,	4.00,	3500,	6.00),
(3,	124,	'MO MRS Třebíč SENSAS',	12300,	2.00,	1090,	9.00),
(3,	135,	'ČRS MO Ostrava A',	3410,	7.00,	3370,	4.00),
(3,	138,	'ČRS MO Mohelnice MIVARDI-A',	1340,	9.00,	5220,	2.00),
(3,	139,	'RSK Hrušovany nad Jevíšovkou - Begastav',	7550,	9.00,	4510,	3.00),
(3,	29,	'RSK Cortina Sensas',	10770,	1.00,	625,	11.00),
(3,	62,	'MO MRS Uherské Hradiště PRESTON',	9710,	2.00,	940,	10.00),
(3,	57,	'RSK LIPANI - MIVARDI TŘEBECHOVICE POD OREBEM',	2580,	9.00,	5010,	4.00),
(3,	101,	'ČRS MO Mohelnice MIVARDI-A',	4680,	5.00,	1305,	8.00),
(3,	140,	'RSK Hrušovany nad Jevíšovkou - Begastav',	8980,	5.00,	720,	9.00),
(3,	141,	'ČRS MO Ostrava A',	7630,	8.00,	1395,	6.00),
(3,	37,	'MILO Loštice',	4180,	9.00,	1790,	5.00),
(3,	142,	'MO ČRS Plaňany COLMIC',	3620,	11.00,	2300,	3.00),
(3,	143,	'MO MRS Třebíč SENSAS',	8250,	5.00,	370,	10.00),
(3,	27,	'MO ČRS Jindřichův Hradec \"A\" SENSAS',	2560,	10.00,	3780,	5.00),
(3,	20,	'MILO Loštice',	2200,	8.00,	1390,	7.00),
(3,	144,	'MO ČRS Šumperk',	3930,	7.00,	2280,	9.00),
(3,	41,	'RSK Crazy Boys MO Hustopeče SENSAS',	2430,	13.00,	2405,	3.00),
(3,	145,	'MO ČRS Šumperk',	11100,	3.00,	60,	14.00),
(3,	13,	'MILO Loštice',	4380,	8.00,	1540,	9.00),
(3,	146,	'MO MRS Uherské Hradiště PRESTON',	290,	10.00,	2720,	7.00),
(3,	66,	'RSK Crazy Boys MO Hustopeče SENSAS',	9530,	3.00,	0,	15.00),
(3,	6,	'RSK LIPANI - MIVARDI TŘEBECHOVICE POD OREBEM',	8160,	7.00,	930,	11.00),
(3,	10,	'MIVARDI CZ',	8200,	6.00,	520,	13.00),
(3,	147,	'Unreal Preston',	7760,	5.00,	30,	14.00),
(3,	148,	'MO MRS Uherské Hradiště PRESTON',	5280,	11.00,	1550,	8.00),
(3,	81,	'MILO Loštice',	1600,	15.00,	2180,	4.00),
(3,	39,	'RSK Cortina Sensas',	6840,	6.00,	10,	14.00),
(3,	121,	'MO MRS Třebíč SENSAS',	3580,	12.00,	2330,	8.00),
(3,	149,	'MO ČRS Plaňany COLMIC',	7970,	7.00,	580,	14.00),
(3,	150,	'MO MRS Uherské Hradiště PRESTON',	410,	14.00,	835,	7.00),
(3,	151,	'MO MRS Uherské Hradiště PRESTON',	1880,	12.50,	1100,	10.00),
(3,	61,	'MO MRS Uherské Hradiště PRESTON',	1990,	11.00,	740,	12.00),
(3,	152,	'MO MRS Uherské Hradiště PRESTON',	240,	11.00,	1010,	12.00),
(3,	130,	'Unreal Preston',	2350,	13.00,	320,	11.00),
(3,	40,	'MO ČRS Jindřichův Hradec \"A\" SENSAS',	100,	13.00,	1850,	11.00),
(3,	9,	'MILO Loštice',	150,	12.00,	285,	12.00),
(3,	54,	'Team Browning CZ',	3310,	12.00,	880,	13.00),
(3,	132,	'MO ČRS Předměřice nad Jizerou - SENSAS',	1880,	12.50,	280,	13.00),
(4,	48,	'Browning ČB',	10320,	1.00,	10440,	2.00),
(4,	40,	'MO ČRS JH Sensas',	5410,	2.00,	14370,	1.00),
(4,	32,	'MO ČRS Strašecí Colmic',	7440,	1.00,	8300,	3.00),
(4,	13,	'Milo Loštice',	4670,	3.00,	6480,	1.00),
(4,	6,	'MO ČRS Třebechovice',	3240,	4.00,	5680,	2.00),
(4,	153,	'Praha',	10510,	4.00,	7830,	4.00),
(4,	154,	'MO Kolín Colmic',	12860,	3.00,	6250,	6.00),
(4,	155,	'MO CRS Smichov, Velka Chuchle - SENSAS',	2160,	7.00,	13030,	2.00),
(4,	47,	'MO ČRS Plaňany Colmic',	15310,	1.00,	2160,	9.00),
(4,	57,	'MO ČRS Třebechovice',	3490,	3.00,	2070,	7.00),
(4,	59,	'MO Kolín Colmic',	6610,	8.00,	5300,	3.00),
(4,	149,	'MO ČRS Plaňany Colmic',	6790,	7.00,	2840,	4.00),
(4,	121,	'MO ČRS Brno 5',	4270,	4.00,	4640,	7.00),
(4,	156,	'MO Kolín Colmic',	14210,	2.00,	1840,	10.00),
(4,	54,	'MO ČRS JH Browning',	2240,	6.00,	2080,	6.00),
(4,	124,	'MO ČRS Brno 5',	7480,	6.00,	2220,	7.50),
(4,	31,	'MO ČRS JH Milo',	1140,	13.00,	13810,	1.00),
(4,	43,	'MO ČRS Třebech.Colmic',	2340,	9.00,	4190,	5.00),
(4,	34,	'RSK Pardubice Colmic',	1960,	8.00,	2830,	6.00),
(4,	37,	'MILO Loštice',	8820,	5.00,	1520,	10.00),
(4,	157,	'RSK MIVARDI CZ',	2180,	10.00,	7060,	5.00),
(4,	158,	'MO ČRS Štětí',	1570,	11.00,	5260,	4.00),
(4,	159,	'MO CRS Smichov, Velka Chuchle - SENSAS',	1820,	10.00,	2250,	5.00),
(4,	16,	'MO ČRS Frenštát p/Rad.',	5640,	2.00,	580,	14.00),
(4,	160,	'MO ČRS Štětí',	3570,	6.00,	2450,	10.00),
(4,	35,	'MO ČRS JH Milo',	2440,	8.00,	3530,	8.00),
(4,	161,	'MO MRS Jihlava',	1900,	9.00,	2220,	7.50),
(4,	10,	'RSK MIVARDI CZ',	5600,	9.00,	1830,	8.00),
(4,	44,	'MO ČRS JH Milo',	180,	14.00,	6450,	3.00),
(4,	162,	'MO ČRS Plzeň',	4180,	5.00,	1180,	12.00),
(4,	36,	'MILO Loštice',	2750,	5.00,	710,	12.00),
(4,	9,	'MO ČRS Frenštát p/Rad.',	3440,	10.00,	2950,	9.00),
(4,	163,	'MO ČRS Přeštice',	2850,	7.00,	1020,	13.00),
(4,	12,	'MO ČRS Strašecí Colmic',	1920,	11.00,	1770,	9.00),
(4,	164,	'MO ČRS Štětí',	2650,	11.00,	1370,	11.00),
(4,	165,	'Praha',	1510,	12.00,	1260,	11.00),
(4,	166,	'MO ČRS Hradec Králové',	1030,	12.00,	1230,	12.00),
(4,	70,	'Milo Loštice',	910,	13.00,	1190,	11.00),
(4,	167,	'MO ČRS Hradec Králové',	1880,	12.00,	260,	14.00),
(4,	168,	'MO ČRS Pha - V.Chuchle',	870,	13.00,	1090,	13.00),
(4,	169,	'MO ČRS Plzeň',	650,	14.00,	450,	13.00),
(4,	170,	'MO ČRS Bechyně',	630,	14.00,	NULL,	NULL),
(5,	47,	'MO Plaňany - COLMIC',	25520,	1.00,	14300,	2.00),
(5,	14,	'Crazy Boys Hustopeče- Sensas',	19520,	1.00,	18020,	2.00),
(5,	98,	'Mivardi Hradec Králové',	10130,	1.00,	10220,	2.00),
(5,	6,	'\"RSK Lipani - MIVARDI Třebechovice pod Orebem\"',	18030,	3.00,	14360,	1.00),
(5,	40,	' MO ČRS Jindřichův Hradec Sensas \"A\"',	16470,	3.00,	13050,	1.00),
(5,	171,	'MO Plaňany - COLMIC',	18290,	2.00,	12940,	3.00),
(5,	59,	'MO  ČRS KOLÍN COLMIC',	11430,	1.00,	10890,	4.00),
(5,	156,	'MO  ČRS KOLÍN COLMIC',	7250,	3.00,	8410,	3.00),
(5,	3,	'MO ČRS Česká Lípa',	9890,	6.00,	25330,	1.00),
(5,	172,	'MO Plaňany - COLMIC',	17240,	4.00,	10950,	3.00),
(5,	149,	'MO Plaňany - COLMIC',	5060,	5.00,	11060,	2.00),
(5,	173,	'MO ČRS Mladá Boleslav',	17570,	2.00,	8730,	5.50),
(5,	174,	'RSK Vysoké Mýto',	13100,	4.00,	16280,	4.00),
(5,	175,	'MO  ČRS Litoměřice ',	8970,	2.00,	13930,	6.00),
(5,	135,	'ČRS MO Ostrava A',	8390,	3.00,	8250,	5.00),
(5,	25,	'MO  ČRS Hradec Králové',	2970,	9.00,	14990,	1.00),
(5,	155,	'Tým SENSAS',	10810,	6.00,	12480,	5.00),
(5,	176,	' Předměřice nad Jizerou',	3230,	8.00,	17210,	3.00),
(5,	177,	'MO ČRS Předměřice nad Jizerou',	9580,	7.00,	8400,	4.00),
(5,	178,	'MO Smíchov-Velká Chuchle Sensas',	6650,	5.00,	6540,	6.00),
(5,	38,	'RSK MIVARDI',	13290,	5.00,	10110,	7.00),
(5,	179,	'MO ČRS Praha 4 - Nusle - MILO',	12470,	5.00,	5890,	7.00),
(5,	57,	'\"RSK Lipani - MIVARDI Třebechovice pod Orebem\"',	7400,	2.00,	9730,	10.00),
(5,	16,	'MO ČRS Loštice - MILO',	7360,	4.00,	10690,	9.00),
(5,	151,	'MO MRS Uherské Hradiště PRESTON',	4620,	7.00,	11500,	6.00),
(5,	9,	'MO ČRS Loštice - MILO',	1740,	9.00,	15620,	5.00),
(5,	63,	'RSK Hrušovany nad Jevíšovkou - Begastav',	2880,	10.00,	12650,	4.00),
(5,	37,	'MILO Loštice',	5080,	6.00,	7570,	8.00),
(5,	180,	'Praha 10 Vinohrady - Mivardi',	3530,	7.00,	11560,	8.00),
(5,	164,	'MO ČRS Štětí',	4750,	6.00,	4870,	9.00),
(5,	181,	'MO  ČRS KOLÍN COLMIC',	6970,	4.00,	1930,	12.00),
(5,	153,	'Praha',	2360,	11.00,	8730,	5.50),
(5,	142,	'MO Plaňany - COLMIC',	7370,	9.00,	5040,	8.00),
(5,	182,	'RSK Pardubice - MO Hořice',	8290,	7.00,	4120,	10.00),
(5,	34,	'RSK Pardubice COLMIC',	2140,	11.00,	11760,	7.00),
(5,	132,	'MO ČRS Předměřice nad Jizerou',	8630,	8.00,	2300,	10.00),
(5,	183,	'ČRS MO Podbořany',	8190,	9.00,	2880,	11.00),
(5,	99,	'MO CRS Praha 10 – Vinohrady – Mivardi',	8090,	8.00,	2130,	12.00),
(5,	70,	'MILO Loštice',	620,	13.00,	2770,	7.00),
(5,	166,	'MO ČRS Hradec Králové - Mivardi',	6130,	10.00,	6010,	11.00),
(5,	159,	'TRABUCCO TEAM-Smíchov',	7330,	10.00,	2210,	11.00),
(5,	165,	'Praha',	3520,	12.00,	2690,	9.00),
(5,	184,	'MO ČRS Štětí',	1460,	12.00,	4040,	9.00),
(5,	13,	'MILO Loštice',	3250,	8.00,	1950,	13.00),
(5,	185,	'MO Plaňany - COLMIC',	1380,	11.00,	3280,	10.00),
(5,	154,	'MO  ČRS KOLÍN COLMIC',	130,	13.00,	2730,	8.00),
(5,	167,	'MO ČRS Hradec Králové - Mivardi',	5520,	11.00,	3480,	11.00),
(5,	84,	'MILO  Loštice',	1720,	10.00,	3270,	12.00),
(5,	168,	'MO ČRS Velká Chuchle',	1430,	12.00,	3120,	12.00),
(5,	186,	'MO ČRS Třebechovice pod Orebem',	610,	12.00,	1000,	13.00),
(6,	142,	'MO ČRS Plaňany Colmic',	12270,	1.00,	17190,	1.00),
(6,	122,	'MO ČRS Stod',	5140,	5.00,	16720,	2.00),
(6,	178,	'MO CRS Smichov, Velka Chuchle - SENSAS',	8810,	4.00,	11240,	3.00),
(6,	67,	'MILO Vysoké Mýto',	12230,	2.00,	5240,	6.00),
(6,	18,	'MO ČRS JH Milo',	9980,	3.00,	6880,	5.00),
(6,	187,	'MO ČRS Štětí',	2350,	10.00,	7240,	4.00),
(6,	188,	'MO ČRS Třebech.Colmic',	3640,	6.00,	3030,	10.00),
(6,	189,	'MO ČRS Plzeň',	2810,	8.00,	3500,	8.00),
(6,	190,	'MO ČRS Přeštice',	2500,	9.00,	3470,	9.00),
(6,	91,	'MO ČRS Nové Strašecí - Colmic',	1540,	11.00,	3650,	7.00),
(6,	191,	'MO ČRS Žirovnice',	2880,	7.00,	1880,	13.00),
(6,	192,	'MO ČRS Žirovnice',	1340,	13.00,	2970,	11.00),
(6,	193,	'MO ČRS Štětí',	1530,	12.00,	750,	14.00),
(6,	90,	'MO ČRS Nové Strašecí - Colmic',	100,	14.00,	1970,	12.00),
(8,	194,	'MO ČRS Pha Zbraslav',	4670,	1.00,	2370,	4.00),
(8,	195,	'Mivardi team MO Žižkov II',	1420,	5.00,	4170,	2.00),
(8,	186,	'MO ČRS Třebech.Colmic',	1330,	7.00,	7360,	1.00),
(8,	196,	'MO ČRS Strašecí Colmic',	1940,	2.00,	1520,	6.00),
(8,	197,	'MO ČRS Sokolov',	1640,	3.00,	810,	7.00),
(8,	198,	'MO ČRS Štětí',	990,	8.00,	3800,	3.00),
(8,	199,	'MO ČRS Mníšek pod Brdy',	1390,	6.00,	2020,	5.00),
(8,	200,	'MO ČRS Mníšek pod Brdy',	1430,	4.00,	630,	9.00),
(8,	133,	'MO ČRS Stod',	650,	10.00,	660,	8.00),
(8,	201,	'Mivardi team MO Žižkov II',	850,	9.00,	460,	10.00),
(10,	208,	'MO ČRS Mladá Boleslav',	350,	3.00,	100,	6.00),
(11,	90,	'MO ČRS Nové Strašecí',	1660,	2.00,	590,	2.00),
(11,	91,	'MO ČRS Nové Strašecí',	2520,	1.00,	90,	5.00),
(11,	142,	'MO ČRS Plaňany COLMIC',	900,	5.00,	1430,	1.00),
(11,	211,	'MO ČRS Nymburk',	1540,	3.00,	240,	3.00),
(11,	212,	'MO ČRS Rakovník',	620,	6.00,	190,	4.00),
(11,	176,	'MO ČRS Předměřice nad Jizerou SENSAS',	1210,	4.00,	0,	7.50),
(12,	194,	'Zbraslav',	6980,	1.00,	4120,	1.00),
(12,	201,	'Klánovice Žižkov ll',	4630,	2.00,	1840,	2.00),
(12,	200,	'Mníšek pod Brdy',	4110,	3.00,	1690,	3.00),
(13,	213,	'Velká Chuchle',	3000,	1.00,	3030,	2.00),
(13,	178,	'Smíchov',	2020,	3.00,	4880,	1.00),
(13,	212,	'Rakovník',	2830,	2.00,	1450,	3.00);

DROP TABLE IF EXISTS `zavody`;
CREATE TABLE `zavody` (
  `id` int(10) unsigned NOT NULL AUTO_INCREMENT,
  `rok` int(11) NOT NULL,
  `nazev` varchar(200) COLLATE utf8_czech_ci NOT NULL,
  `kategorie` varchar(20) COLLATE utf8_czech_ci NOT NULL,
  `typ` enum('memi_senioru','1_liga','2_liga','bodovany_pohar','uzemni_prebor','divize','micr_zen','micr_u14','micr_u18','micr_u22','zavod_zeny','zavod_u14','zavod_u18','zavod_u22','prebor_u14','prebor_u18','prebor_u22') COLLATE utf8_czech_ci NOT NULL,
  `datum_od` date NOT NULL,
  `datum_do` date NOT NULL,
  `zobrazovat` enum('ano','ne') COLLATE utf8_czech_ci NOT NULL,
  `vysledky` enum('ano','ne') COLLATE utf8_czech_ci NOT NULL,
  PRIMARY KEY (`id`)
) ENGINE=InnoDB DEFAULT CHARSET=utf8 COLLATE=utf8_czech_ci;

INSERT INTO `zavody` (`id`, `rok`, `nazev`, `kategorie`, `typ`, `datum_od`, `datum_do`, `zobrazovat`, `vysledky`) VALUES
(1,	2012,	'I. liga - 1. kolo',	'',	'1_liga',	'2012-05-05',	'2012-05-06',	'ano',	'ano'),
(2,	2012,	'Milo Cup',	'',	'bodovany_pohar',	'2012-04-14',	'2012-04-15',	'ano',	'ano'),
(3,	2012,	'Mazalův memoriál',	'',	'bodovany_pohar',	'2012-04-21',	'2012-04-22',	'ano',	'ano'),
(4,	2012,	'Nova Domus',	'',	'bodovany_pohar',	'2012-04-28',	'2012-04-29',	'ano',	'ano'),
(5,	2012,	'Pohár krále Jiřího 2012',	'',	'bodovany_pohar',	'2012-05-12',	'2012-05-13',	'ano',	'ano'),
(6,	2012,	'Nova Domus',	'U18',	'zavod_u18',	'2012-04-28',	'2012-04-29',	'ano',	'ano'),
(8,	2012,	'Nova Domus',	'U14',	'zavod_u14',	'2012-04-28',	'2012-04-29',	'ano',	'ano'),
(10,	2012,	'Středočeská juniorka jarní kolo',	'U14',	'prebor_u14',	'2012-04-14',	'2012-04-15',	'ano',	'ano'),
(11,	2012,	'Středočeská juniorka jarní kolo',	'U18',	'prebor_u18',	'2012-04-14',	'2012-04-15',	'ano',	'ano'),
(12,	2012,	'Jarní Pražská juniorka',	'U14',	'prebor_u14',	'2012-04-21',	'2012-04-22',	'ano',	'ano'),
(13,	2012,	'Jarní Pražská juniorka',	'U18',	'prebor_u18',	'2012-04-21',	'2012-04-22',	'ano',	'ano'),
(15,	2012,	'II. liga - 1. kolo - A - BLACK BASS',	'',	'2_liga',	'2012-05-19',	'2012-05-20',	'ne',	'ne'),
(16,	2012,	'II. liga - 1. kolo - B - COLMIC',	'',	'2_liga',	'2012-05-19',	'2012-05-20',	'ne',	'ne'),
(17,	2012,	'II. liga - 1. kolo - C - FORET FISHING',	'',	'2_liga',	'2012-05-19',	'2012-05-20',	'ne',	'ne'),
(18,	2012,	'I. liga - 2. kolo',	'',	'1_liga',	'2012-05-26',	'2012-05-27',	'ne',	'ne'),
(19,	2012,	'II. liga - 2. kolo - A - BLACK BASS',	'',	'2_liga',	'2012-06-09',	'2012-06-10',	'ne',	'ne'),
(20,	2012,	'II. liga - 2. kolo - B - COLMIC',	'',	'2_liga',	'2012-06-09',	'2012-06-10',	'ne',	'ne'),
(21,	2012,	'II. liga - 2. kolo - C - FORET FISHING',	'',	'2_liga',	'2012-06-09',	'2012-06-10',	'ne',	'ne'),
(22,	2012,	'I. liga - 3. kolo',	'',	'1_liga',	'2012-06-16',	'2012-06-17',	'ne',	'ne'),
(23,	2012,	'II. liga - 3. kolo - A - BLACK BASS',	'',	'2_liga',	'2012-07-07',	'2012-07-08',	'ne',	'ne'),
(24,	2012,	'II. liga - 3. kolo - B - COLMIC',	'',	'2_liga',	'2012-07-07',	'2012-07-08',	'ne',	'ne'),
(25,	2012,	'II. liga - 3. kolo - C - FORET FISHING',	'',	'2_liga',	'2012-07-07',	'2012-07-08',	'ne',	'ne'),
(26,	2012,	'Sensas Cup',	'',	'bodovany_pohar',	'2012-07-28',	'2012-07-29',	'ne',	'ne'),
(27,	2012,	'17. MeMiČR',	'',	'memi_senioru',	'2012-08-04',	'2012-08-05',	'ne',	'ne');

-- 2012-05-21 21:19:38
